County,Number of  nonprofits
Adams County OH,277
Allen County OH,"1,080"
Ashland County OH,619
Ashtabula County OH,968
Athens County OH,804
Auglaize County OH,473
Belmont County OH,638
Boone County OH,4
Brown County OH,339
Butler County OH,"3,522"
Carroll County OH,228
Champaign County OH,434
Clark County OH,"1,271"
Clermont County OH,"1,636"
Clinton County OH,434
Columbiana County OH,"1,018"
Coshocton County OH,383
Crawford County OH,486
Cuyahoga County OH,"17,212"
Darke County OH,582
Defiance County OH,433
Delaware County OH,"1,717"
Erie County OH,855
Fairfield County OH,"1,283"
Fayette County OH,254
Franklin County OH,"15,306"
Fulton County OH,450
Gallia County OH,386
Geauga County OH,977
Greene County OH,"1,551"
Guernsey County OH,429
Hamilton County OH,"10,158"
Hancock County OH,661
Hardin County OH,367
Harrison County OH,193
Henry County OH,321
Highland County OH,389
Hocking County OH,251
Holmes County OH,315
Huron County OH,545
Jackson County OH,332
Jefferson County OH,705
Knox County OH,622
Lake County OH,"1,738"
Lawrence County OH,370
Licking County OH,"1,407"
Logan County OH,444
Lorain County OH,"2,240"
Lucas County OH,"3,951"
Madison County OH,416
Mahoning County OH,"2,519"
Marion County OH,697
Medina County OH,"1,345"
Meigs County OH,219
Mercer County OH,388
Miami County OH,987
Monroe County OH,183
Montgomery County OH,"4,887"
Morgan County OH,153
Morrow County OH,250
Muskingum County OH,883
Noble County OH,121
Ottawa County OH,460
Paulding County OH,185
Perry County OH,308
Pickaway County OH,479
Pike County OH,224
Portage County OH,"1,410"
Preble County OH,353
Putnam County OH,310
Richland County OH,"1,146"
Ross County OH,755
Sandusky County OH,605
Scioto County OH,612
Seneca County OH,659
Shelby County OH,546
Stark County OH,"3,620"
Summit County OH,"5,119"
Trumbull County OH,"1,676"
Tuscarawas County OH,869
Union County OH,460
Van Wert County OH,269
Vinton County OH,124
Warren County OH,"1,618"
Washington County OH,650
Wayne County OH,"1,030"
Williams County OH,451
Wood County OH,"1,295"
Wyandot County OH,283
